,Sample Number,Species,Island,Clutch Completion,Culmen Length (mm),Culmen Depth (mm),Flipper Length (mm),Body Mass (g),Sex,Delta 15 N (o/oo),Delta 13 C (o/oo)
0,1,Adelie Penguin (Pygoscelis adeliae),Torgersen,Yes,39.1,18.7,181.0,3750.0,MALE,,
1,2,Adelie Penguin (Pygoscelis adeliae),Torgersen,Yes,39.5,17.4,186.0,3800.0,FEMALE,8.94956,-24.69454
2,3,Adelie Penguin (Pygoscelis adeliae),Torgersen,Yes,40.3,18.0,195.0,3250.0,FEMALE,8.36821,-25.33302
3,4,Adelie Penguin (Pygoscelis adeliae),Torgersen,Yes,,,,,,,
4,5,Adelie Penguin (Pygoscelis adeliae),Torgersen,Yes,36.7,19.3,193.0,3450.0,FEMALE,8.76651,-25.32426
5,6,Adelie Penguin (Pygoscelis adeliae),Torgersen,Yes,39.3,20.6,190.0,3650.0,MALE,8.66496,-25.29805
6,7,Adelie Penguin (Pygoscelis adeliae),Torgersen,No,38.9,17.8,181.0,3625.0,FEMALE,9.18718,-25.21799
7,8,Adelie Penguin (Pygoscelis adeliae),Torgersen,No,39.2,19.6,195.0,4675.0,MALE,9.4606,-24.89958
8,9,Adelie Penguin (Pygoscelis adeliae),Torgersen,Yes,34.1,18.1,193.0,3475.0,,,
9,10,Adelie Penguin (Pygoscelis adeliae),Torgersen,Yes,42.0,20.2,190.0,4250.0,,9.13362,-25.09368
10,11,Adelie Penguin (Pygoscelis adeliae),Torgersen,Yes,37.8,17.1,186.0,3300.0,,8.63243,-25.21315
11,12,Adelie Penguin (Pygoscelis adeliae),Torgersen,Yes,37.8,17.3,180.0,3700.0,,,
12,13,Adelie Penguin (Pygoscelis adeliae),Torgersen,Yes,41.1,17.6,182.0,3200.0,FEMALE,,
13,14,Adelie Penguin (Pygoscelis adeliae),Torgersen,Yes,38.6,21.2,191.0,3800.0,MALE,,
14,15,Adelie Penguin (Pygoscelis adeliae),Torgersen,Yes,34.6,21.1,198.0,4400.0,MALE,8.55583,-25.22588
15,16,Adelie Penguin (Pygoscelis adeliae),Torgersen,Yes,36.6,17.8,185.0,3700.0,FEMALE,,
16,17,Adelie Penguin (Pygoscelis adeliae),Torgersen,Yes,38.7,19.0,195.0,3450.0,FEMALE,9.18528,-25.06691
17,18,Adelie Penguin (Pygoscelis adeliae),Torgersen,Yes,42.5,20.7,197.0,4500.0,MALE,8.67538,-25.13993
18,19,Adelie Penguin (Pygoscelis adeliae),Torgersen,Yes,34.4,18.4,184.0,3325.0,FEMALE,8.47827,-25.23319
19,20,Adelie Penguin (Pygoscelis adeliae),Torgersen,Yes,46.0,21.5,194.0,4200.0,MALE,9.11616,-24.77227
20,21,Adelie Penguin (Pygoscelis adeliae),Biscoe,Yes,37.8,18.3,174.0,3400.0,FEMALE,8.73762,-25.09383
21,22,Adelie Penguin (Pygoscelis adeliae),Biscoe,Yes,37.7,18.7,180.0,3600.0,MALE,8.66271,-25.0639
22,23,Adelie Penguin (Pygoscelis adeliae),Biscoe,Yes,35.9,19.2,189.0,3800.0,FEMALE,9.22286,-25.03474
23,24,Adelie Penguin (Pygoscelis adeliae),Biscoe,Yes,38.2,18.1,185.0,3950.0,MALE,8.43423,-25.22664
24,25,Adelie Penguin (Pygoscelis adeliae),Biscoe,Yes,38.8,17.2,180.0,3800.0,MALE,9.63954,-25.29856
25,26,Adelie Penguin (Pygoscelis adeliae),Biscoe,Yes,35.3,18.9,187.0,3800.0,FEMALE,9.21292,-24.3613
26,27,Adelie Penguin (Pygoscelis adeliae),Biscoe,Yes,40.6,18.6,183.0,3550.0,MALE,8.93997,-25.36288
27,28,Adelie Penguin (Pygoscelis adeliae),Biscoe,Yes,40.5,17.9,187.0,3200.0,FEMALE,8.08138,-25.49448
28,29,Adelie Penguin (Pygoscelis adeliae),Biscoe,No,37.9,18.6,172.0,3150.0,FEMALE,8.38404,-25.19837
29,30,Adelie Penguin (Pygoscelis adeliae),Biscoe,No,40.5,18.9,180.0,3950.0,MALE,8.90027,-25.11609
30,31,Adelie Penguin (Pygoscelis adeliae),Dream,Yes,39.5,16.7,178.0,3250.0,FEMALE,9.69756,-25.11223
31,32,Adelie Penguin (Pygoscelis adeliae),Dream,Yes,37.2,18.1,178.0,3900.0,MALE,9.72764,-25.0102
32,33,Adelie Penguin (Pygoscelis adeliae),Dream,Yes,39.5,17.8,188.0,3300.0,FEMALE,9.66523,-25.0602
33,34,Adelie Penguin (Pygoscelis adeliae),Dream,Yes,40.9,18.9,184.0,3900.0,MALE,8.79665,-25.14591
34,35,Adelie Penguin (Pygoscelis adeliae),Dream,Yes,36.4,17.0,195.0,3325.0,FEMALE,9.17847,-25.23061
35,36,Adelie Penguin (Pygoscelis adeliae),Dream,Yes,39.2,21.1,196.0,4150.0,MALE,9.15308,-25.03469
36,37,Adelie Penguin (Pygoscelis adeliae),Dream,Yes,38.8,20.0,190.0,3950.0,MALE,9.18985,-25.12255
37,38,Adelie Penguin (Pygoscelis adeliae),Dream,Yes,42.2,18.5,180.0,3550.0,FEMALE,8.04787,-25.49523
38,39,Adelie Penguin (Pygoscelis adeliae),Dream,No,37.6,19.3,181.0,3300.0,FEMALE,9.41131,-25.04169
39,40,Adelie Penguin (Pygoscelis adeliae),Dream,No,39.8,19.1,184.0,4650.0,MALE,,
40,41,Adelie Penguin (Pygoscelis adeliae),Dream,Yes,36.5,18.0,182.0,3150.0,FEMALE,9.68933,-24.4228
41,42,Adelie Penguin (Pygoscelis adeliae),Dream,Yes,40.8,18.4,195.0,3900.0,MALE,,
42,43,Adelie Penguin (Pygoscelis adeliae),Dream,Yes,36.0,18.5,186.0,3100.0,FEMALE,9.50772,-25.03492
43,44,Adelie Penguin (Pygoscelis adeliae),Dream,Yes,44.1,19.7,196.0,4400.0,MALE,9.2372,-24.52698
44,45,Adelie Penguin (Pygoscelis adeliae),Dream,Yes,37.0,16.9,185.0,3000.0,FEMALE,9.36392,-25.01745
45,46,Adelie Penguin (Pygoscelis adeliae),Dream,Yes,39.6,18.8,190.0,4600.0,MALE,9.49106,-24.10255
46,47,Adelie Penguin (Pygoscelis adeliae),Dream,Yes,41.1,19.0,182.0,3425.0,MALE,,
47,48,Adelie Penguin (Pygoscelis adeliae),Dream,Yes,37.5,18.9,179.0,2975.0,,,
48,49,Adelie Penguin (Pygoscelis adeliae),Dream,Yes,36.0,17.9,190.0,3450.0,FEMALE,9.51784,-25.07683
49,50,Adelie Penguin (Pygoscelis adeliae),Dream,Yes,42.3,21.2,191.0,4150.0,MALE,8.87988,-25.18543
50,51,Adelie Penguin (Pygoscelis adeliae),Biscoe,Yes,39.6,17.7,186.0,3500.0,FEMALE,8.46616,-26.12989
51,52,Adelie Penguin (Pygoscelis adeliae),Biscoe,Yes,40.1,18.9,188.0,4300.0,MALE,8.51362,-26.55602
52,53,Adelie Penguin (Pygoscelis adeliae),Biscoe,Yes,35.0,17.9,190.0,3450.0,FEMALE,8.19539,-26.17213
53,54,Adelie Penguin (Pygoscelis adeliae),Biscoe,Yes,42.0,19.5,200.0,4050.0,MALE,8.48095,-26.3146
54,55,Adelie Penguin (Pygoscelis adeliae),Biscoe,Yes,34.5,18.1,187.0,2900.0,FEMALE,8.41837,-26.54718
55,56,Adelie Penguin (Pygoscelis adeliae),Biscoe,Yes,41.4,18.6,191.0,3700.0,MALE,8.35396,-26.27853
56,57,Adelie Penguin (Pygoscelis adeliae),Biscoe,Yes,39.0,17.5,186.0,3550.0,FEMALE,8.57199,-26.07188
57,58,Adelie Penguin (Pygoscelis adeliae),Biscoe,Yes,40.6,18.8,193.0,3800.0,MALE,8.56674,-25.98843
58,59,Adelie Penguin (Pygoscelis adeliae),Biscoe,Yes,36.5,16.6,181.0,2850.0,FEMALE,9.07878,-25.88156
59,60,Adelie Penguin (Pygoscelis adeliae),Biscoe,Yes,37.6,19.1,194.0,3750.0,MALE,9.108,-25.89677
60,61,Adelie Penguin (Pygoscelis adeliae),Biscoe,Yes,35.7,16.9,185.0,3150.0,FEMALE,8.96472,-26.40943
61,62,Adelie Penguin (Pygoscelis adeliae),Biscoe,Yes,41.3,21.1,195.0,4400.0,MALE,8.74802,-26.37809
62,63,Adelie Penguin (Pygoscelis adeliae),Biscoe,Yes,37.6,17.0,185.0,3600.0,FEMALE,8.58063,-26.21569
63,64,Adelie Penguin (Pygoscelis adeliae),Biscoe,Yes,41.1,18.2,192.0,4050.0,MALE,8.62264,-26.60023
64,65,Adelie Penguin (Pygoscelis adeliae),Biscoe,Yes,36.4,17.1,184.0,2850.0,FEMALE,8.62623,-26.1165
65,66,Adelie Penguin (Pygoscelis adeliae),Biscoe,Yes,41.6,18.0,192.0,3950.0,MALE,8.85562,-26.09294
66,67,Adelie Penguin (Pygoscelis adeliae),Biscoe,Yes,35.5,16.2,195.0,3350.0,FEMALE,8.56192,-25.95541
67,68,Adelie Penguin (Pygoscelis adeliae),Biscoe,Yes,41.1,19.1,188.0,4100.0,MALE,8.71078,-25.81012
68,69,Adelie Penguin (Pygoscelis adeliae),Torgersen,No,35.9,16.6,190.0,3050.0,FEMALE,8.47781,-26.07821
69,70,Adelie Penguin (Pygoscelis adeliae),Torgersen,No,41.8,19.4,198.0,4450.0,MALE,8.86853,-26.06209
70,71,Adelie Penguin (Pygoscelis adeliae),Torgersen,Yes,33.5,19.0,190.0,3600.0,FEMALE,7.88863,-26.63085
71,72,Adelie Penguin (Pygoscelis adeliae),Torgersen,Yes,39.7,18.4,190.0,3900.0,MALE,9.29808,-25.23453
72,73,Adelie Penguin (Pygoscelis adeliae),Torgersen,Yes,39.6,17.2,196.0,3550.0,FEMALE,8.33524,-26.55351
73,74,Adelie Penguin (Pygoscelis adeliae),Torgersen,Yes,45.8,18.9,197.0,4150.0,MALE,8.18658,-26.45978
74,75,Adelie Penguin (Pygoscelis adeliae),Torgersen,Yes,35.5,17.5,190.0,3700.0,FEMALE,8.70642,-26.15003
75,76,Adelie Penguin (Pygoscelis adeliae),Torgersen,Yes,42.8,18.5,195.0,4250.0,MALE,8.2993,-26.38986
76,77,Adelie Penguin (Pygoscelis adeliae),Torgersen,Yes,40.9,16.8,191.0,3700.0,FEMALE,8.47257,-26.02002
77,78,Adelie Penguin (Pygoscelis adeliae),Torgersen,Yes,37.2,19.4,184.0,3900.0,MALE,8.3554,-26.44787
78,79,Adelie Penguin (Pygoscelis adeliae),Torgersen,Yes,36.2,16.1,187.0,3550.0,FEMALE,7.82381,-26.51382
79,80,Adelie Penguin (Pygoscelis adeliae),Torgersen,Yes,42.1,19.1,195.0,4000.0,MALE,9.05736,-25.81513
80,81,Adelie Penguin (Pygoscelis adeliae),Torgersen,Yes,34.6,17.2,189.0,3200.0,FEMALE,7.69778,-26.5387
81,82,Adelie Penguin (Pygoscelis adeliae),Torgersen,Yes,42.9,17.6,196.0,4700.0,MALE,8.63259,-26.23027
82,83,Adelie Penguin (Pygoscelis adeliae),Torgersen,Yes,36.7,18.8,187.0,3800.0,FEMALE,7.88494,-26.24837
83,84,Adelie Penguin (Pygoscelis adeliae),Torgersen,Yes,35.1,19.4,193.0,4200.0,MALE,8.90002,-26.46254
84,85,Adelie Penguin (Pygoscelis adeliae),Dream,Yes,37.3,17.8,191.0,3350.0,FEMALE,8.32718,-26.38396
85,86,Adelie Penguin (Pygoscelis adeliae),Dream,Yes,41.3,20.3,194.0,3550.0,MALE,9.14863,-26.09635
86,87,Adelie Penguin (Pygoscelis adeliae),Dream,Yes,36.3,19.5,190.0,3800.0,MALE,8.57087,-26.22227
87,88,Adelie Penguin (Pygoscelis adeliae),Dream,Yes,36.9,18.6,189.0,3500.0,FEMALE,8.59147,-26.08165
88,89,Adelie Penguin (Pygoscelis adeliae),Dream,Yes,38.3,19.2,189.0,3950.0,MALE,9.07826,-26.12417
89,90,Adelie Penguin (Pygoscelis adeliae),Dream,Yes,38.9,18.8,190.0,3600.0,FEMALE,8.36936,-26.11199
90,91,Adelie Penguin (Pygoscelis adeliae),Dream,Yes,35.7,18.0,202.0,3550.0,FEMALE,8.46531,-26.05621
91,92,Adelie Penguin (Pygoscelis adeliae),Dream,Yes,41.1,18.1,205.0,4300.0,MALE,8.77018,-25.83352
92,93,Adelie Penguin (Pygoscelis adeliae),Dream,Yes,34.0,17.1,185.0,3400.0,FEMALE,8.01485,-26.69543
93,94,Adelie Penguin (Pygoscelis adeliae),Dream,Yes,39.6,18.1,186.0,4450.0,MALE,8.49915,-26.42406
94,95,Adelie Penguin (Pygoscelis adeliae),Dream,Yes,36.2,17.3,187.0,3300.0,FEMALE,8.90723,-26.30037
95,96,Adelie Penguin (Pygoscelis adeliae),Dream,Yes,40.8,18.9,208.0,4300.0,MALE,8.48204,-26.57941
96,97,Adelie Penguin (Pygoscelis adeliae),Dream,Yes,38.1,18.6,190.0,3700.0,FEMALE,8.10277,-26.50086
97,98,Adelie Penguin (Pygoscelis adeliae),Dream,Yes,40.3,18.5,196.0,4350.0,MALE,8.39459,-26.01152
98,99,Adelie Penguin (Pygoscelis adeliae),Dream,Yes,33.1,16.1,178.0,2900.0,FEMALE,9.04218,-26.15775
99,100,Adelie Penguin (Pygoscelis adeliae),Dream,Yes,43.2,18.5,192.0,4100.0,MALE,8.97025,-26.03679
100,101,Adelie Penguin (Pygoscelis adeliae),Biscoe,Yes,35.0,17.9,192.0,3725.0,FEMALE,8.84451,-26.28055
101,102,Adelie Penguin (Pygoscelis adeliae),Biscoe,Yes,41.0,20.0,203.0,4725.0,MALE,9.01079,-26.38085
102,103,Adelie Penguin (Pygoscelis adeliae),Biscoe,Yes,37.7,16.0,183.0,3075.0,FEMALE,9.2151,-26.2253
103,104,Adelie Penguin (Pygoscelis adeliae),Biscoe,Yes,37.8,20.0,190.0,4250.0,MALE,9.51929,-25.69199
104,105,Adelie Penguin (Pygoscelis adeliae),Biscoe,Yes,37.9,18.6,193.0,2925.0,FEMALE,9.02642,-25.86482
105,106,Adelie Penguin (Pygoscelis adeliae),Biscoe,Yes,39.7,18.9,184.0,3550.0,MALE,8.85699,-25.80208
106,107,Adelie Penguin (Pygoscelis adeliae),Biscoe,Yes,38.6,17.2,199.0,3750.0,FEMALE,8.77322,-26.48973
107,108,Adelie Penguin (Pygoscelis adeliae),Biscoe,Yes,38.2,20.0,190.0,3900.0,MALE,9.59245,-25.70711
108,109,Adelie Penguin (Pygoscelis adeliae),Biscoe,Yes,38.1,17.0,181.0,3175.0,FEMALE,9.79532,-25.27385
109,110,Adelie Penguin (Pygoscelis adeliae),Biscoe,Yes,43.2,19.0,197.0,4775.0,MALE,9.31735,-25.45171
110,111,Adelie Penguin (Pygoscelis adeliae),Biscoe,Yes,38.1,16.5,198.0,3825.0,FEMALE,8.43951,-26.57563
111,112,Adelie Penguin (Pygoscelis adeliae),Biscoe,Yes,45.6,20.3,191.0,4600.0,MALE,8.65466,-26.32909
112,113,Adelie Penguin (Pygoscelis adeliae),Biscoe,Yes,39.7,17.7,193.0,3200.0,FEMALE,9.02657,-26.06203
113,114,Adelie Penguin (Pygoscelis adeliae),Biscoe,Yes,42.2,19.5,197.0,4275.0,MALE,8.80186,-26.41218
114,115,Adelie Penguin (Pygoscelis adeliae),Biscoe,Yes,39.6,20.7,191.0,3900.0,FEMALE,8.80967,-26.78958
115,116,Adelie Penguin (Pygoscelis adeliae),Biscoe,Yes,42.7,18.3,196.0,4075.0,MALE,8.91434,-26.42018
116,117,Adelie Penguin (Pygoscelis adeliae),Torgersen,Yes,38.6,17.0,188.0,2900.0,FEMALE,9.18021,-25.77264
117,118,Adelie Penguin (Pygoscelis adeliae),Torgersen,Yes,37.3,20.5,199.0,3775.0,MALE,9.49645,-26.36678
118,119,Adelie Penguin (Pygoscelis adeliae),Torgersen,Yes,35.7,17.0,189.0,3350.0,FEMALE,8.96436,-23.90309
119,120,Adelie Penguin (Pygoscelis adeliae),Torgersen,Yes,41.1,18.6,189.0,3325.0,MALE,9.32277,-26.09989
120,121,Adelie Penguin (Pygoscelis adeliae),Torgersen,No,36.2,17.2,187.0,3150.0,FEMALE,9.04296,-26.19444
121,122,Adelie Penguin (Pygoscelis adeliae),Torgersen,No,37.7,19.8,198.0,3500.0,MALE,9.11066,-26.42563
122,123,Adelie Penguin (Pygoscelis adeliae),Torgersen,Yes,40.2,17.0,176.0,3450.0,FEMALE,9.30722,-25.61039
123,124,Adelie Penguin (Pygoscelis adeliae),Torgersen,Yes,41.4,18.5,202.0,3875.0,MALE,9.59462,-25.42621
124,125,Adelie Penguin (Pygoscelis adeliae),Torgersen,Yes,35.2,15.9,186.0,3050.0,FEMALE,8.81668,-25.95399
125,126,Adelie Penguin (Pygoscelis adeliae),Torgersen,Yes,40.6,19.0,199.0,4000.0,MALE,9.22537,-25.60826
126,127,Adelie Penguin (Pygoscelis adeliae),Torgersen,Yes,38.8,17.6,191.0,3275.0,FEMALE,8.88098,-25.89741
127,128,Adelie Penguin (Pygoscelis adeliae),Torgersen,Yes,41.5,18.3,195.0,4300.0,MALE,8.52566,-26.0245
128,129,Adelie Penguin (Pygoscelis adeliae),Torgersen,Yes,39.0,17.1,191.0,3050.0,FEMALE,9.19031,-25.73722
129,130,Adelie Penguin (Pygoscelis adeliae),Torgersen,Yes,44.1,18.0,210.0,4000.0,MALE,9.10702,-26.01363
130,131,Adelie Penguin (Pygoscelis adeliae),Torgersen,No,38.5,17.9,190.0,3325.0,FEMALE,8.9846,-25.57956
131,132,Adelie Penguin (Pygoscelis adeliae),Torgersen,No,43.1,19.2,197.0,3500.0,MALE,8.86495,-26.1396
132,133,Adelie Penguin (Pygoscelis adeliae),Dream,Yes,36.8,18.5,193.0,3500.0,FEMALE,8.98705,-25.57647
133,134,Adelie Penguin (Pygoscelis adeliae),Dream,Yes,37.5,18.5,199.0,4475.0,MALE,8.56708,-26.49288
134,135,Adelie Penguin (Pygoscelis adeliae),Dream,Yes,38.1,17.6,187.0,3425.0,FEMALE,8.717,-25.77951
135,136,Adelie Penguin (Pygoscelis adeliae),Dream,Yes,41.1,17.5,190.0,3900.0,MALE,8.94365,-26.06943
136,137,Adelie Penguin (Pygoscelis adeliae),Dream,Yes,35.6,17.5,191.0,3175.0,FEMALE,8.75984,-25.97696
137,138,Adelie Penguin (Pygoscelis adeliae),Dream,Yes,40.2,20.1,200.0,3975.0,MALE,8.95998,-26.32601
138,139,Adelie Penguin (Pygoscelis adeliae),Dream,No,37.0,16.5,185.0,3400.0,FEMALE,8.61651,-26.07021
139,140,Adelie Penguin (Pygoscelis adeliae),Dream,No,39.7,17.9,193.0,4250.0,MALE,9.25769,-25.88798
140,141,Adelie Penguin (Pygoscelis adeliae),Dream,Yes,40.2,17.1,193.0,3400.0,FEMALE,9.2881,-25.54976
141,142,Adelie Penguin (Pygoscelis adeliae),Dream,Yes,40.6,17.2,187.0,3475.0,MALE,9.23408,-26.01549
142,143,Adelie Penguin (Pygoscelis adeliae),Dream,Yes,32.1,15.5,188.0,3050.0,FEMALE,8.79787,-26.61075
143,144,Adelie Penguin (Pygoscelis adeliae),Dream,Yes,40.7,17.0,190.0,3725.0,MALE,9.05674,-25.79529
144,145,Adelie Penguin (Pygoscelis adeliae),Dream,Yes,37.3,16.8,192.0,3000.0,FEMALE,9.06829,-25.85203
145,146,Adelie Penguin (Pygoscelis adeliae),Dream,Yes,39.0,18.7,185.0,3650.0,MALE,9.22033,-26.03442
146,147,Adelie Penguin (Pygoscelis adeliae),Dream,Yes,39.2,18.6,190.0,4250.0,MALE,9.11006,-25.79549
147,148,Adelie Penguin (Pygoscelis adeliae),Dream,Yes,36.6,18.4,184.0,3475.0,FEMALE,8.68744,-25.8306
148,149,Adelie Penguin (Pygoscelis adeliae),Dream,Yes,36.0,17.8,195.0,3450.0,FEMALE,8.94332,-25.79189
149,150,Adelie Penguin (Pygoscelis adeliae),Dream,Yes,37.8,18.1,193.0,3750.0,MALE,8.97533,-26.03495
150,151,Adelie Penguin (Pygoscelis adeliae),Dream,Yes,36.0,17.1,187.0,3700.0,FEMALE,8.93465,-26.07081
151,152,Adelie Penguin (Pygoscelis adeliae),Dream,Yes,41.5,18.5,201.0,4000.0,MALE,8.8964,-26.06967
152,1,Chinstrap penguin (Pygoscelis antarctica),Dream,No,46.5,17.9,192.0,3500.0,FEMALE,9.03935,-24.30229
153,2,Chinstrap penguin (Pygoscelis antarctica),Dream,No,50.0,19.5,196.0,3900.0,MALE,8.92069,-24.23592
154,3,Chinstrap penguin (Pygoscelis antarctica),Dream,Yes,51.3,19.2,193.0,3650.0,MALE,9.29078,-24.7557
155,4,Chinstrap penguin (Pygoscelis antarctica),Dream,Yes,45.4,18.7,188.0,3525.0,FEMALE,8.64701,-24.62717
156,5,Chinstrap penguin (Pygoscelis antarctica),Dream,Yes,52.7,19.8,197.0,3725.0,MALE,9.00642,-24.61867
157,6,Chinstrap penguin (Pygoscelis antarctica),Dream,Yes,45.2,17.8,198.0,3950.0,FEMALE,8.88942,-24.49433
158,7,Chinstrap penguin (Pygoscelis antarctica),Dream,Yes,46.1,18.2,178.0,3250.0,FEMALE,8.85664,-24.55644
159,8,Chinstrap penguin (Pygoscelis antarctica),Dream,Yes,51.3,18.2,197.0,3750.0,MALE,8.63701,-24.84059
160,9,Chinstrap penguin (Pygoscelis antarctica),Dream,Yes,46.0,18.9,195.0,4150.0,FEMALE,8.47173,-24.29229
161,10,Chinstrap penguin (Pygoscelis antarctica),Dream,Yes,51.3,19.9,198.0,3700.0,MALE,8.79581,-24.36088
162,11,Chinstrap penguin (Pygoscelis antarctica),Dream,Yes,46.6,17.8,193.0,3800.0,FEMALE,8.95063,-24.59897
163,12,Chinstrap penguin (Pygoscelis antarctica),Dream,Yes,51.7,20.3,194.0,3775.0,MALE,8.68747,-24.38751
164,13,Chinstrap penguin (Pygoscelis antarctica),Dream,Yes,47.0,17.3,185.0,3700.0,FEMALE,8.72037,-24.80526
165,14,Chinstrap penguin (Pygoscelis antarctica),Dream,Yes,52.0,18.1,201.0,4050.0,MALE,9.0233,-24.38933
166,15,Chinstrap penguin (Pygoscelis antarctica),Dream,Yes,45.9,17.1,190.0,3575.0,FEMALE,9.12277,-24.90024
167,16,Chinstrap penguin (Pygoscelis antarctica),Dream,Yes,50.5,19.6,201.0,4050.0,MALE,9.8059,-24.7294
168,17,Chinstrap penguin (Pygoscelis antarctica),Dream,No,50.3,20.0,197.0,3300.0,MALE,10.02019,-24.54704
169,18,Chinstrap penguin (Pygoscelis antarctica),Dream,No,58.0,17.8,181.0,3700.0,FEMALE,9.14382,-24.57994
170,19,Chinstrap penguin (Pygoscelis antarctica),Dream,Yes,46.4,18.6,190.0,3450.0,FEMALE,9.32105,-24.64162
171,20,Chinstrap penguin (Pygoscelis antarctica),Dream,Yes,49.2,18.2,195.0,4400.0,MALE,9.27158,-24.64335
172,21,Chinstrap penguin (Pygoscelis antarctica),Dream,Yes,42.4,17.3,181.0,3600.0,FEMALE,9.35138,-24.6879
173,22,Chinstrap penguin (Pygoscelis antarctica),Dream,Yes,48.5,17.5,191.0,3400.0,MALE,9.42666,-24.26375
174,23,Chinstrap penguin (Pygoscelis antarctica),Dream,No,43.2,16.6,187.0,2900.0,FEMALE,9.35416,-25.01185
175,24,Chinstrap penguin (Pygoscelis antarctica),Dream,No,50.6,19.4,193.0,3800.0,MALE,9.28153,-24.97134
176,25,Chinstrap penguin (Pygoscelis antarctica),Dream,No,46.7,17.9,195.0,3300.0,FEMALE,9.74144,-24.59467
177,26,Chinstrap penguin (Pygoscelis antarctica),Dream,No,52.0,19.0,197.0,4150.0,MALE,9.36799,-24.47142
178,27,Chinstrap penguin (Pygoscelis antarctica),Dream,No,50.5,18.4,200.0,3400.0,FEMALE,8.9399,-23.89017
179,28,Chinstrap penguin (Pygoscelis antarctica),Dream,No,49.5,19.0,200.0,3800.0,MALE,9.63074,-24.34684
180,29,Chinstrap penguin (Pygoscelis antarctica),Dream,Yes,46.4,17.8,191.0,3700.0,FEMALE,9.37369,-24.52896
181,30,Chinstrap penguin (Pygoscelis antarctica),Dream,Yes,52.8,20.0,205.0,4550.0,MALE,9.25177,-24.69638
182,31,Chinstrap penguin (Pygoscelis antarctica),Dream,Yes,40.9,16.6,187.0,3200.0,FEMALE,9.08458,-24.54903
183,32,Chinstrap penguin (Pygoscelis antarctica),Dream,Yes,54.2,20.8,201.0,4300.0,MALE,9.49283,-24.59996
184,33,Chinstrap penguin (Pygoscelis antarctica),Dream,Yes,42.5,16.7,187.0,3350.0,FEMALE,9.36668,-24.45195
185,34,Chinstrap penguin (Pygoscelis antarctica),Dream,Yes,51.0,18.8,203.0,4100.0,MALE,9.23196,-24.17282
186,35,Chinstrap penguin (Pygoscelis antarctica),Dream,Yes,49.7,18.6,195.0,3600.0,MALE,9.75486,-24.31198
187,36,Chinstrap penguin (Pygoscelis antarctica),Dream,Yes,47.5,16.8,199.0,3900.0,FEMALE,9.07825,-25.1455
188,37,Chinstrap penguin (Pygoscelis antarctica),Dream,Yes,47.6,18.3,195.0,3850.0,FEMALE,8.83502,-24.65859
189,38,Chinstrap penguin (Pygoscelis antarctica),Dream,Yes,52.0,20.7,210.0,4800.0,MALE,9.43146,-24.6844
190,39,Chinstrap penguin (Pygoscelis antarctica),Dream,No,46.9,16.6,192.0,2700.0,FEMALE,9.80589,-24.73735
191,40,Chinstrap penguin (Pygoscelis antarctica),Dream,No,53.5,19.9,205.0,4500.0,MALE,10.02544,-24.90816
192,41,Chinstrap penguin (Pygoscelis antarctica),Dream,Yes,49.0,19.5,210.0,3950.0,MALE,9.53262,-24.66867
193,42,Chinstrap penguin (Pygoscelis antarctica),Dream,Yes,46.2,17.5,187.0,3650.0,FEMALE,9.61734,-24.66188
194,43,Chinstrap penguin (Pygoscelis antarctica),Dream,Yes,50.9,19.1,196.0,3550.0,MALE,10.02372,-24.86594
195,44,Chinstrap penguin (Pygoscelis antarctica),Dream,Yes,45.5,17.0,196.0,3500.0,FEMALE,9.36493,-24.66259
196,45,Chinstrap penguin (Pygoscelis antarctica),Dream,Yes,50.9,17.9,196.0,3675.0,FEMALE,9.43684,-24.16566
197,46,Chinstrap penguin (Pygoscelis antarctica),Dream,Yes,50.8,18.5,201.0,4450.0,MALE,9.45827,-24.35575
198,47,Chinstrap penguin (Pygoscelis antarctica),Dream,Yes,50.1,17.9,190.0,3400.0,FEMALE,9.46819,-24.45721
199,48,Chinstrap penguin (Pygoscelis antarctica),Dream,Yes,49.0,19.6,212.0,4300.0,MALE,9.34089,-24.45189
200,49,Chinstrap penguin (Pygoscelis antarctica),Dream,Yes,51.5,18.7,187.0,3250.0,MALE,9.6895,-24.43062
201,50,Chinstrap penguin (Pygoscelis antarctica),Dream,Yes,49.8,17.3,198.0,3675.0,FEMALE,9.32169,-24.41562
202,51,Chinstrap penguin (Pygoscelis antarctica),Dream,Yes,48.1,16.4,199.0,3325.0,FEMALE,9.46929,-24.48403
203,52,Chinstrap penguin (Pygoscelis antarctica),Dream,Yes,51.4,19.0,201.0,3950.0,MALE,9.43782,-24.36202
204,53,Chinstrap penguin (Pygoscelis antarctica),Dream,Yes,45.7,17.3,193.0,3600.0,FEMALE,9.415,-24.805
205,54,Chinstrap penguin (Pygoscelis antarctica),Dream,Yes,50.7,19.7,203.0,4050.0,MALE,9.93727,-24.59066
206,55,Chinstrap penguin (Pygoscelis antarctica),Dream,Yes,42.5,17.3,187.0,3350.0,FEMALE,9.56534,-24.60882
207,56,Chinstrap penguin (Pygoscelis antarctica),Dream,Yes,52.2,18.8,197.0,3450.0,MALE,9.77528,-24.56481
208,57,Chinstrap penguin (Pygoscelis antarctica),Dream,Yes,45.2,16.6,191.0,3250.0,FEMALE,9.62357,-24.78984
209,58,Chinstrap penguin (Pygoscelis antarctica),Dream,Yes,49.3,19.9,203.0,4050.0,MALE,9.88809,-24.59513
210,59,Chinstrap penguin (Pygoscelis antarctica),Dream,Yes,50.2,18.8,202.0,3800.0,MALE,9.74492,-24.404
211,60,Chinstrap penguin (Pygoscelis antarctica),Dream,Yes,45.6,19.4,194.0,3525.0,FEMALE,9.46985,-24.65786
212,61,Chinstrap penguin (Pygoscelis antarctica),Dream,Yes,51.9,19.5,206.0,3950.0,MALE,,-23.78767
213,62,Chinstrap penguin (Pygoscelis antarctica),Dream,Yes,46.8,16.5,189.0,3650.0,FEMALE,9.65061,-24.48153
214,63,Chinstrap penguin (Pygoscelis antarctica),Dream,Yes,45.7,17.0,195.0,3650.0,FEMALE,9.26715,-24.31912
215,64,Chinstrap penguin (Pygoscelis antarctica),Dream,Yes,55.8,19.8,207.0,4000.0,MALE,9.70465,-24.53494
216,65,Chinstrap penguin (Pygoscelis antarctica),Dream,No,43.5,18.1,202.0,3400.0,FEMALE,9.37608,-24.40753
217,66,Chinstrap penguin (Pygoscelis antarctica),Dream,No,49.6,18.2,193.0,3775.0,MALE,9.4618,-24.70615
218,67,Chinstrap penguin (Pygoscelis antarctica),Dream,Yes,50.8,19.0,210.0,4100.0,MALE,9.98044,-24.68741
219,68,Chinstrap penguin (Pygoscelis antarctica),Dream,Yes,50.2,18.7,198.0,3775.0,FEMALE,9.39305,-24.25255
220,1,Gentoo penguin (Pygoscelis papua),Biscoe,Yes,46.1,13.2,211.0,4500.0,FEMALE,7.993,-25.5139
221,2,Gentoo penguin (Pygoscelis papua),Biscoe,Yes,50.0,16.3,230.0,5700.0,MALE,8.14756,-25.39369
222,3,Gentoo penguin (Pygoscelis papua),Biscoe,Yes,48.7,14.1,210.0,4450.0,FEMALE,8.14705,-25.46172
223,4,Gentoo penguin (Pygoscelis papua),Biscoe,Yes,50.0,15.2,218.0,5700.0,MALE,8.2554,-25.40075
224,5,Gentoo penguin (Pygoscelis papua),Biscoe,Yes,47.6,14.5,215.0,5400.0,MALE,8.2345,-25.54456
225,6,Gentoo penguin (Pygoscelis papua),Biscoe,Yes,46.5,13.5,210.0,4550.0,FEMALE,7.9953,-25.32829
226,7,Gentoo penguin (Pygoscelis papua),Biscoe,Yes,45.4,14.6,211.0,4800.0,FEMALE,8.24515,-25.46782
227,8,Gentoo penguin (Pygoscelis papua),Biscoe,Yes,46.7,15.3,219.0,5200.0,MALE,8.22673,-25.4276
228,9,Gentoo penguin (Pygoscelis papua),Biscoe,Yes,43.3,13.4,209.0,4400.0,FEMALE,8.13643,-25.32176
229,10,Gentoo penguin (Pygoscelis papua),Biscoe,Yes,46.8,15.4,215.0,5150.0,MALE,8.1631,-25.38017
230,11,Gentoo penguin (Pygoscelis papua),Biscoe,No,40.9,13.7,214.0,4650.0,FEMALE,8.19579,-25.3933
231,12,Gentoo penguin (Pygoscelis papua),Biscoe,No,49.0,16.1,216.0,5550.0,MALE,8.10417,-25.50562
232,13,Gentoo penguin (Pygoscelis papua),Biscoe,Yes,45.5,13.7,214.0,4650.0,FEMALE,7.77672,-25.4168
233,14,Gentoo penguin (Pygoscelis papua),Biscoe,Yes,48.4,14.6,213.0,5850.0,MALE,7.8208,-25.48025
234,15,Gentoo penguin (Pygoscelis papua),Biscoe,Yes,45.8,14.6,210.0,4200.0,FEMALE,7.79958,-25.62618
235,16,Gentoo penguin (Pygoscelis papua),Biscoe,Yes,49.3,15.7,217.0,5850.0,MALE,8.07137,-25.52473
236,17,Gentoo penguin (Pygoscelis papua),Biscoe,Yes,42.0,13.5,210.0,4150.0,FEMALE,7.63884,-25.52627
237,18,Gentoo penguin (Pygoscelis papua),Biscoe,Yes,49.2,15.2,221.0,6300.0,MALE,8.27376,-25.00169
238,19,Gentoo penguin (Pygoscelis papua),Biscoe,Yes,46.2,14.5,209.0,4800.0,FEMALE,7.84057,-25.37899
239,20,Gentoo penguin (Pygoscelis papua),Biscoe,Yes,48.7,15.1,222.0,5350.0,MALE,7.96491,-25.39587
240,21,Gentoo penguin (Pygoscelis papua),Biscoe,Yes,50.2,14.3,218.0,5700.0,MALE,7.8962,-25.37746
241,22,Gentoo penguin (Pygoscelis papua),Biscoe,Yes,45.1,14.5,215.0,5000.0,FEMALE,7.6322,-25.46569
242,23,Gentoo penguin (Pygoscelis papua),Biscoe,Yes,46.5,14.5,213.0,4400.0,FEMALE,7.90436,-25.3947
243,24,Gentoo penguin (Pygoscelis papua),Biscoe,Yes,46.3,15.8,215.0,5050.0,MALE,7.90971,-25.38157
244,25,Gentoo penguin (Pygoscelis papua),Biscoe,Yes,42.9,13.1,215.0,5000.0,FEMALE,7.68528,-25.39181
245,26,Gentoo penguin (Pygoscelis papua),Biscoe,Yes,46.1,15.1,215.0,5100.0,MALE,7.83733,-25.42826
246,27,Gentoo penguin (Pygoscelis papua),Biscoe,Yes,44.5,14.3,216.0,4100.0,,7.96621,-25.69327
247,28,Gentoo penguin (Pygoscelis papua),Biscoe,Yes,47.8,15.0,215.0,5650.0,MALE,7.92358,-25.48383
248,29,Gentoo penguin (Pygoscelis papua),Biscoe,Yes,48.2,14.3,210.0,4600.0,FEMALE,7.6887,-25.50811
249,30,Gentoo penguin (Pygoscelis papua),Biscoe,Yes,50.0,15.3,220.0,5550.0,MALE,8.30515,-25.19017
250,31,Gentoo penguin (Pygoscelis papua),Biscoe,Yes,47.3,15.3,222.0,5250.0,MALE,,
251,32,Gentoo penguin (Pygoscelis papua),Biscoe,Yes,42.8,14.2,209.0,4700.0,FEMALE,7.63452,-25.46327
252,33,Gentoo penguin (Pygoscelis papua),Biscoe,Yes,45.1,14.5,207.0,5050.0,FEMALE,7.97408,-25.53768
253,34,Gentoo penguin (Pygoscelis papua),Biscoe,Yes,59.6,17.0,230.0,6050.0,MALE,7.76843,-25.6821
254,35,Gentoo penguin (Pygoscelis papua),Biscoe,Yes,49.1,14.8,220.0,5150.0,FEMALE,7.89744,-26.63405
255,36,Gentoo penguin (Pygoscelis papua),Biscoe,Yes,48.4,16.3,220.0,5400.0,MALE,8.03659,-26.86127
256,37,Gentoo penguin (Pygoscelis papua),Biscoe,Yes,42.6,13.7,213.0,4950.0,FEMALE,7.96935,-26.70968
257,38,Gentoo penguin (Pygoscelis papua),Biscoe,Yes,44.4,17.3,219.0,5250.0,MALE,8.13746,-26.79093
258,39,Gentoo penguin (Pygoscelis papua),Biscoe,Yes,44.0,13.6,208.0,4350.0,FEMALE,8.01979,-26.68311
259,40,Gentoo penguin (Pygoscelis papua),Biscoe,Yes,48.7,15.7,208.0,5350.0,MALE,8.14776,-26.84506
260,41,Gentoo penguin (Pygoscelis papua),Biscoe,No,42.7,13.7,208.0,3950.0,FEMALE,8.14567,-26.59467
261,42,Gentoo penguin (Pygoscelis papua),Biscoe,No,49.6,16.0,225.0,5700.0,MALE,8.38324,-26.84272
262,43,Gentoo penguin (Pygoscelis papua),Biscoe,Yes,45.3,13.7,210.0,4300.0,FEMALE,8.37615,-26.72791
263,44,Gentoo penguin (Pygoscelis papua),Biscoe,Yes,49.6,15.0,216.0,4750.0,MALE,8.26548,-26.7699
264,45,Gentoo penguin (Pygoscelis papua),Biscoe,Yes,50.5,15.9,222.0,5550.0,MALE,8.46894,-26.60436
265,46,Gentoo penguin (Pygoscelis papua),Biscoe,Yes,43.6,13.9,217.0,4900.0,FEMALE,8.27141,-26.7765
266,47,Gentoo penguin (Pygoscelis papua),Biscoe,No,45.5,13.9,210.0,4200.0,FEMALE,8.47829,-26.61788
267,48,Gentoo penguin (Pygoscelis papua),Biscoe,No,50.5,15.9,225.0,5400.0,MALE,8.65803,-26.57585
268,49,Gentoo penguin (Pygoscelis papua),Biscoe,Yes,44.9,13.3,213.0,5100.0,FEMALE,8.45167,-26.89644
269,50,Gentoo penguin (Pygoscelis papua),Biscoe,Yes,45.2,15.8,215.0,5300.0,MALE,8.55868,-26.67799
270,51,Gentoo penguin (Pygoscelis papua),Biscoe,Yes,46.6,14.2,210.0,4850.0,FEMALE,8.38289,-26.86352
271,52,Gentoo penguin (Pygoscelis papua),Biscoe,Yes,48.5,14.1,220.0,5300.0,MALE,8.39867,-26.79358
272,53,Gentoo penguin (Pygoscelis papua),Biscoe,Yes,45.1,14.4,210.0,4400.0,FEMALE,8.51951,-27.01854
273,54,Gentoo penguin (Pygoscelis papua),Biscoe,Yes,50.1,15.0,225.0,5000.0,MALE,8.50153,-26.61414
274,55,Gentoo penguin (Pygoscelis papua),Biscoe,Yes,46.5,14.4,217.0,4900.0,FEMALE,8.48789,-26.83006
275,56,Gentoo penguin (Pygoscelis papua),Biscoe,Yes,45.0,15.4,220.0,5050.0,MALE,8.63488,-26.75621
276,57,Gentoo penguin (Pygoscelis papua),Biscoe,Yes,43.8,13.9,208.0,4300.0,FEMALE,8.58319,-26.84415
277,58,Gentoo penguin (Pygoscelis papua),Biscoe,Yes,45.5,15.0,220.0,5000.0,MALE,8.63604,-26.7489
278,59,Gentoo penguin (Pygoscelis papua),Biscoe,Yes,43.2,14.5,208.0,4450.0,FEMALE,8.48367,-26.86485
279,60,Gentoo penguin (Pygoscelis papua),Biscoe,Yes,50.4,15.3,224.0,5550.0,MALE,8.74647,-26.79846
280,61,Gentoo penguin (Pygoscelis papua),Biscoe,Yes,45.3,13.8,208.0,4200.0,FEMALE,8.65015,-26.79053
281,62,Gentoo penguin (Pygoscelis papua),Biscoe,Yes,46.2,14.9,221.0,5300.0,MALE,8.60092,-26.84374
282,63,Gentoo penguin (Pygoscelis papua),Biscoe,Yes,45.7,13.9,214.0,4400.0,FEMALE,8.6287,-26.60484
283,64,Gentoo penguin (Pygoscelis papua),Biscoe,Yes,54.3,15.7,231.0,5650.0,MALE,8.49662,-26.84166
284,65,Gentoo penguin (Pygoscelis papua),Biscoe,Yes,45.8,14.2,219.0,4700.0,FEMALE,8.60447,-26.61601
285,66,Gentoo penguin (Pygoscelis papua),Biscoe,Yes,49.8,16.8,230.0,5700.0,MALE,8.47067,-26.69166
286,67,Gentoo penguin (Pygoscelis papua),Biscoe,Yes,46.2,14.4,214.0,4650.0,,8.24253,-26.8154
287,68,Gentoo penguin (Pygoscelis papua),Biscoe,Yes,49.5,16.2,229.0,5800.0,MALE,8.49854,-26.74809
288,69,Gentoo penguin (Pygoscelis papua),Biscoe,Yes,43.5,14.2,220.0,4700.0,FEMALE,8.64931,-26.68867
289,70,Gentoo penguin (Pygoscelis papua),Biscoe,Yes,50.7,15.0,223.0,5550.0,MALE,8.63551,-26.74249
290,71,Gentoo penguin (Pygoscelis papua),Biscoe,Yes,47.7,15.0,216.0,4750.0,FEMALE,8.53018,-26.72751
291,72,Gentoo penguin (Pygoscelis papua),Biscoe,Yes,46.4,15.6,221.0,5000.0,MALE,8.35078,-26.70783
292,73,Gentoo penguin (Pygoscelis papua),Biscoe,Yes,48.2,15.6,221.0,5100.0,MALE,8.24651,-26.66958
293,74,Gentoo penguin (Pygoscelis papua),Biscoe,Yes,46.5,14.8,217.0,5200.0,FEMALE,8.58487,-26.5929
294,75,Gentoo penguin (Pygoscelis papua),Biscoe,Yes,46.4,15.0,216.0,4700.0,FEMALE,8.47938,-26.9547
295,76,Gentoo penguin (Pygoscelis papua),Biscoe,Yes,48.6,16.0,230.0,5800.0,MALE,8.5964,-26.71199
296,77,Gentoo penguin (Pygoscelis papua),Biscoe,Yes,47.5,14.2,209.0,4600.0,FEMALE,8.39299,-26.78733
297,78,Gentoo penguin (Pygoscelis papua),Biscoe,Yes,51.1,16.3,220.0,6000.0,MALE,8.40327,-26.76821
298,79,Gentoo penguin (Pygoscelis papua),Biscoe,Yes,45.2,13.8,215.0,4750.0,FEMALE,8.24694,-26.65359
299,80,Gentoo penguin (Pygoscelis papua),Biscoe,Yes,45.2,16.4,223.0,5950.0,MALE,8.19749,-26.65931
300,81,Gentoo penguin (Pygoscelis papua),Biscoe,Yes,49.1,14.5,212.0,4625.0,FEMALE,8.35802,-26.2766
301,82,Gentoo penguin (Pygoscelis papua),Biscoe,Yes,52.5,15.6,221.0,5450.0,MALE,8.28601,-26.27573
302,83,Gentoo penguin (Pygoscelis papua),Biscoe,Yes,47.4,14.6,212.0,4725.0,FEMALE,8.19101,-26.24369
303,84,Gentoo penguin (Pygoscelis papua),Biscoe,Yes,50.0,15.9,224.0,5350.0,MALE,8.20042,-26.39677
304,85,Gentoo penguin (Pygoscelis papua),Biscoe,Yes,44.9,13.8,212.0,4750.0,FEMALE,8.11238,-26.20372
305,86,Gentoo penguin (Pygoscelis papua),Biscoe,Yes,50.8,17.3,228.0,5600.0,MALE,8.27428,-26.30019
306,87,Gentoo penguin (Pygoscelis papua),Biscoe,Yes,43.4,14.4,218.0,4600.0,FEMALE,8.23468,-26.18599
307,88,Gentoo penguin (Pygoscelis papua),Biscoe,Yes,51.3,14.2,218.0,5300.0,MALE,8.15426,-26.3433
308,89,Gentoo penguin (Pygoscelis papua),Biscoe,Yes,47.5,14.0,212.0,4875.0,FEMALE,8.12691,-26.23613
309,90,Gentoo penguin (Pygoscelis papua),Biscoe,Yes,52.1,17.0,230.0,5550.0,MALE,8.27595,-26.11657
310,91,Gentoo penguin (Pygoscelis papua),Biscoe,Yes,47.5,15.0,218.0,4950.0,FEMALE,8.29671,-26.08547
311,92,Gentoo penguin (Pygoscelis papua),Biscoe,Yes,52.2,17.1,228.0,5400.0,MALE,8.36701,-25.89834
312,93,Gentoo penguin (Pygoscelis papua),Biscoe,Yes,45.5,14.5,212.0,4750.0,FEMALE,8.15566,-26.22848
313,94,Gentoo penguin (Pygoscelis papua),Biscoe,Yes,49.5,16.1,224.0,5650.0,MALE,8.83352,-25.69195
314,95,Gentoo penguin (Pygoscelis papua),Biscoe,Yes,44.5,14.7,214.0,4850.0,FEMALE,8.20106,-26.16524
315,96,Gentoo penguin (Pygoscelis papua),Biscoe,Yes,50.8,15.7,226.0,5200.0,MALE,8.27102,-26.11244
316,97,Gentoo penguin (Pygoscelis papua),Biscoe,Yes,49.4,15.8,216.0,4925.0,MALE,8.03624,-26.06594
317,98,Gentoo penguin (Pygoscelis papua),Biscoe,Yes,46.9,14.6,222.0,4875.0,FEMALE,7.8881,-26.04726
318,99,Gentoo penguin (Pygoscelis papua),Biscoe,Yes,48.4,14.4,203.0,4625.0,FEMALE,8.16582,-26.13971
319,100,Gentoo penguin (Pygoscelis papua),Biscoe,Yes,51.1,16.5,225.0,5250.0,MALE,8.2066,-26.36863
320,101,Gentoo penguin (Pygoscelis papua),Biscoe,Yes,48.5,15.0,219.0,4850.0,FEMALE,8.10231,-26.18763
321,102,Gentoo penguin (Pygoscelis papua),Biscoe,Yes,55.9,17.0,228.0,5600.0,MALE,8.3118,-26.35425
322,103,Gentoo penguin (Pygoscelis papua),Biscoe,Yes,47.2,15.5,215.0,4975.0,FEMALE,8.30817,-26.21651
323,104,Gentoo penguin (Pygoscelis papua),Biscoe,Yes,49.1,15.0,228.0,5500.0,MALE,8.65914,-25.79203
324,105,Gentoo penguin (Pygoscelis papua),Biscoe,Yes,47.3,13.8,216.0,4725.0,,8.25818,-26.23886
325,106,Gentoo penguin (Pygoscelis papua),Biscoe,Yes,46.8,16.1,215.0,5500.0,MALE,8.32359,-26.05756
326,107,Gentoo penguin (Pygoscelis papua),Biscoe,Yes,41.7,14.7,210.0,4700.0,FEMALE,8.12311,-26.44815
327,108,Gentoo penguin (Pygoscelis papua),Biscoe,Yes,53.4,15.8,219.0,5500.0,MALE,8.41017,-26.33867
328,109,Gentoo penguin (Pygoscelis papua),Biscoe,Yes,43.3,14.0,208.0,4575.0,FEMALE,8.4207,-26.38092
329,110,Gentoo penguin (Pygoscelis papua),Biscoe,Yes,48.1,15.1,209.0,5500.0,MALE,8.45738,-26.22664
330,111,Gentoo penguin (Pygoscelis papua),Biscoe,Yes,50.5,15.2,216.0,5000.0,FEMALE,8.24691,-26.18466
331,112,Gentoo penguin (Pygoscelis papua),Biscoe,Yes,49.8,15.9,229.0,5950.0,MALE,8.29226,-26.21019
332,113,Gentoo penguin (Pygoscelis papua),Biscoe,Yes,43.5,15.2,213.0,4650.0,FEMALE,8.21634,-26.11046
333,114,Gentoo penguin (Pygoscelis papua),Biscoe,Yes,51.5,16.3,230.0,5500.0,MALE,8.78557,-25.76147
334,115,Gentoo penguin (Pygoscelis papua),Biscoe,Yes,46.2,14.1,217.0,4375.0,FEMALE,8.30231,-25.96013
335,116,Gentoo penguin (Pygoscelis papua),Biscoe,Yes,55.1,16.0,230.0,5850.0,MALE,8.08354,-26.18161
336,117,Gentoo penguin (Pygoscelis papua),Biscoe,Yes,44.5,15.7,217.0,4875.0,.,8.04111,-26.18444
337,118,Gentoo penguin (Pygoscelis papua),Biscoe,Yes,48.8,16.2,222.0,6000.0,MALE,8.33825,-25.88547
338,119,Gentoo penguin (Pygoscelis papua),Biscoe,No,47.2,13.7,214.0,4925.0,FEMALE,7.99184,-26.20538
339,120,Gentoo penguin (Pygoscelis papua),Biscoe,No,,,,,,,
340,121,Gentoo penguin (Pygoscelis papua),Biscoe,Yes,46.8,14.3,215.0,4850.0,FEMALE,8.41151,-26.13832
341,122,Gentoo penguin (Pygoscelis papua),Biscoe,Yes,50.4,15.7,222.0,5750.0,MALE,8.30166,-26.04117
342,123,Gentoo penguin (Pygoscelis papua),Biscoe,Yes,45.2,14.8,212.0,5200.0,FEMALE,8.24246,-26.11969
343,124,Gentoo penguin (Pygoscelis papua),Biscoe,Yes,49.9,16.1,213.0,5400.0,MALE,8.3639,-26.15531
